rating_category,number_of_movies,percentage
Low-rated (0-4),1025,33.57353422862758
Moderately rated (4-6),758,24.828037995414345
Highly rated (6+),1270,41.59842777595807
